"Fish_ID","Session","Start_temp","End_temp","Start_time","End_time","Latency","Total_time","Completed","Food_reward","Escaped","group"
"FISH 1",1,15,15.5,"01:15","16:15",70,"15:00","N","N","N","blankmaze"
"FISH 1",2,14.3,14.8,"08:04","23:04",475,"15:00","N","N","N","blankmaze"
"FISH 1",3,14.7,14.7,"02:13","17:13",127,"15:00","N","N","N","blankmaze"
"FISH 1",4,13.8,14,"08:13","23:13",489,"15:00","N","N","N","blankmaze"
"FISH 1",5,15.2,15.4,"00:35","15:35",30,"15:00","N","N","N","blankmaze"
"FISH 1",6,14.6,14.7,"02:41","17:41",157,"15:00","N","N","N","blankmaze"
"FISH 1",7,13.9,14.2,"01:15","16:15",564,"15:00","N","N","N","blankmaze"
"FISH 1",8,15.5,15.6,"05:38","20:38",333,"15:00","N","N","N","blankmaze"
"FISH 1",9,13.6,14.6,"00:29","15:29",25,"15:00","N","N","N","blankmaze"
"FISH 1",10,14.5,14.7,"00:48","15:48",44,"15:00","N","N","N","blankmaze"
"FISH 1",11,15.8,15.8,"06:16","21:16",371,"15:00","N","N","N","blankmaze"
"FISH 1",12,13.1,13.7,"10:10","25:10",600,"15:00","N","N","N","blankmaze"
"FISH 1",13,14.5,14.7,"05:35","20:35",330,"15:00","N","N","N","blankmaze"
"FISH 1",14,13.4,14,"00:32","15:32",600,"15:00","N","N","N","blankmaze"
"FISH 1",15,15.6,15.9,"07:53","22:53",470,"15:00","N","N","N","blankmaze"
"FISH 1",16,13.7,14.1,"10:20","25:20",600,"15:00","N","N","N","blankmaze"
"FISH 1",17,13.7,13.7,"03:15","04:17",189,"01:02","N","N","Y","blankmaze"
"FISH 1",18,14.3,14.3,"08:51","23:51",527,"15:00","N","N","N","blankmaze"
"FISH 1",19,14.6,14.9,"07:52","22:52",487,"15:00","N","N","N","blankmaze"
"FISH 1",20,13.1,13.8,"08:59","23:59",535,"15:00","N","N","N","blankmaze"
"FISH 2",1,14.7,14.8,"01:52","16:52",106,"15:00","N","N","N","blankmaze"
"FISH 2",2,15.3,15.3,"00:10","15:10",5,"15:00","N","N","N","blankmaze"
"FISH 2",3,15.8,15.8,"00:47","15:47",43,"15:00","N","N","N","blankmaze"
"FISH 2",4,14.6,14.6,"00:16","15:16",13,"15:00","N","N","N","blankmaze"
"FISH 2",5,13.6,13.6,"00:04","06:53",1,"06:49","N","N","Y","blankmaze"
"FISH 2",6,13.9,14.5,"00:26","15:26",22,"15:00","N","N","N","blankmaze"
"FISH 2",7,14.3,14.7,"00:07","15:07",2,"15:00","N","N","N","blankmaze"
"FISH 2",8,15.7,15.9,"00:40","15:40",36,"15:00","N","N","N","blankmaze"
"FISH 2",9,14.3,14.3,"00:12","11:35",7,"11:23","N","N","Y","blankmaze"
"FISH 2",10,13.4,14,"00:14","15:14",10,"15:00","N","N","N","blankmaze"
"FISH 2",11,14.2,14.4,"00:04","15:04",1,"15:04","N","N","N","blankmaze"
"FISH 2",12,13.6,14,"00:20","15:20",16,"15:00","N","N","N","blankmaze"
"FISH 2",13,14.6,14.9,"00:08","15:08",3,"15:00","N","N","N","blankmaze"
"FISH 2",14,14.6,14.9,"00:52","15:52",47,"15:00","N","N","N","blankmaze"
"FISH 2",15,14.4,14.4,"00:19","15:19",15,"15:00","N","N","N","blankmaze"
"FISH 2",16,14.9,14.9,"02:54","07:21",171,"15:00","N","N","Y","blankmaze"
"FISH 2",17,14.7,14.7,"00:17","08:38",13,"08:21","N","N","Y","blankmaze"
"FISH 2",18,13.4,13.6,"00:18","09:00",14,"08:42","N","N","Y","blankmaze"
"FISH 2",19,14.9,15.2,"04:59","19:59",295,"15:00","N","N","N","blankmaze"
"FISH 2",20,13.7,14,"01:17","16:17",71,"15:00","N","N","N","blankmaze"
"FISH 3",1,14.1,14.3,"00:11","15:11",4,"15:00","N","N","N","blankmaze"
"FISH 3",2,14.1,14.6,"00:06","15:06",1,"15:00","N","N","N","blankmaze"
"FISH 3",3,15.1,15.3,"01:11","16:11",64,"15:00","N","N","N","blankmaze"
"FISH 3",4,14.1,14.6,"00:16","15:16",12,"15:00","N","N","N","blankmaze"
"FISH 3",5,14.6,14.6,"00:22","15:22",16,"15:00","N","N","N","blankmaze"
"FISH 3",6,14.2,15,"00:41","15:41",36,"15:00","N","N","N","blankmaze"
"FISH 3",7,13.3,13.8,"00:19","15:19",15,"15:00","N","N","N","blankmaze"
"FISH 3",8,15.5,15.7,"00:36","15:36",31,"15:00","N","N","N","blankmaze"
"FISH 3",9,14.2,14.1,"00:08","15:08",1,"15:00","N","N","N","blankmaze"
"FISH 3",10,13.2,13.7,"00:20","15:20",16,"15:00","N","N","N","blankmaze"
"FISH 3",11,14.1,14.3,"00:08","15:08",4,"15:00","N","N","N","blankmaze"
"FISH 3",12,13.4,13.6,"00:14","15:14",8,"15:00","N","N","N","blankmaze"
"FISH 3",13,14,14,"00:07","15:07",4,"15:00","N","N","N","blankmaze"
"FISH 3",14,14.2,14.6,"01:04","16:04",59,"15:00","N","N","N","blankmaze"
"FISH 3",15,14,14.2,"01:00","16:00",56,"15:00","N","N","N","blankmaze"
"FISH 3",16,15.2,15.3,"00:08","15:08",3,"15:00","N","N","N","blankmaze"
"FISH 3",17,14.3,14.6,"00:24","15:24",21,"15:00","N","N","N","blankmaze"
"FISH 3",18,14.5,14.5,"01:22","16:22",78,"15:00","N","N","N","blankmaze"
"FISH 3",19,15.2,15.2,"00:06","15:06",2,"15:00","N","N","N","blankmaze"
"FISH 3",20,13.6,14,"04:27","19:27",263,"15:00","N","N","N","blankmaze"
"FISH 4",1,13.9,13.9,"00:22","05:20",17,"04:58","N","N","Y","blankmaze"
"FISH 4",2,15.3,15.7,"00:35","15:35",26,"15:00","N","N","N","blankmaze"
"FISH 4",3,14.3,14.5,"00:14","15:14",11,"15:00","N","N","N","blankmaze"
"FISH 4",4,14.2,14.5,"00:05","15:05",1,"15:00","N","N","N","blankmaze"
"FISH 4",5,14.8,14,"00:36","15:36",33,"15:00","N","N","N","blankmaze"
"FISH 4",6,14.7,14,"00:22","15:22",18,"15:00","N","N","N","blankmaze"
"FISH 4",7,15,15.2,"00:10","15:10",4,"15:00","N","N","N","blankmaze"
"FISH 4",8,14.9,15.2,"00:20","15:20",16,"15:00","N","N","N","blankmaze"
"FISH 4",9,14.9,14.9,"00:10","15:10",6,"15:00","N","N","N","blankmaze"
"FISH 4",10,15.2,15.4,"00:09","15:09",5,"15:00","N","N","N","blankmaze"
"FISH 4",11,13.1,13.6,"00:05","15:05",1,"15:00","N","N","N","blankmaze"
"FISH 4",12,14.8,14.9,"00:31","15:31",26,"15:00","N","N","N","blankmaze"
"FISH 4",13,14.9,14.9,"00:08","11:44",3,"11:36","Y","Y","N","blankmaze"
"FISH 4",14,14.3,14.3,"00:07","03:36",3,"03:39","N","N","Y","blankmaze"
"FISH 4",15,14,14.2,"00:14","15:14",7,"15:00","N","N","N","blankmaze"
"FISH 4",16,14.5,14.9,"00:09","07:13",4,"07:04","N","N","Y","blankmaze"
"FISH 4",17,14.7,14.7,"00:10","03:25",5,"03:15","N","N","Y","blankmaze"
"FISH 4",18,14.2,14.2,"00:07","02:15",3,"02:08","N","N","Y","blankmaze"
"FISH 4",19,14.1,14.3,"00:07","15:07",2,"15:00","N","N","N","blankmaze"
"FISH 4",20,14.4,14.8,"00:11","15:11",8,"15:00","N","N","N","blankmaze"
"FISH 5",1,14.7,14.9,"00:19","15:19",15,"15:00","N","N","N","blankmaze"
"FISH 5",2,14.6,15,"01:03","16:03",55,"15:00","N","N","N","blankmaze"
"FISH 5",3,14.3,14.8,"00:11","15:11",6,"15:00","N","N","N","blankmaze"
"FISH 5",4,15.3,15.3,"00:25","15:25",21,"15:00","N","N","N","blankmaze"
"FISH 5",5,14.3,14.8,"00:34","15:34",30,"15:00","N","N","N","blankmaze"
"FISH 5",6,14.7,14.2,"00:28","15:28",23,"15:00","N","N","N","blankmaze"
"FISH 5",7,NA,NA,"02:26","17:26",141,"15:00","N","N","N","blankmaze"
"FISH 5",8,14.3,14.7,"01:18","16:18",72,"15:00","N","N","N","blankmaze"
"FISH 5",9,14.4,14.6,"00:44","15:44",40,"15:00","N","N","N","blankmaze"
"FISH 5",10,13.8,13.8,"00:19","15:19",15,"15:00","N","N","N","blankmaze"
"FISH 5",11,14.4,14.6,"00:24","15:24",21,"15:00","N","N","N","blankmaze"
"FISH 5",12,14.3,14.5,"00:27","15:27",20,"15:00","N","N","N","blankmaze"
"FISH 5",13,14.5,14.7,"00:04","15:04",1,"15:00","N","N","N","blankmaze"
"FISH 5",14,14.7,14.9,"01:16","16:16",71,"15:00","N","N","N","blankmaze"
"FISH 5",15,14.3,14.6,"00:59","15:59",54,"15:00","N","N","N","blankmaze"
"FISH 5",16,13.2,13.4,"00:31","15:31",26,"15:00","N","N","N","blankmaze"
"FISH 5",17,14,14.2,"00:27","15:27",22,"15:00","N","N","N","blankmaze"
"FISH 5",18,14.1,14.3,"00:03","15:03",1,"15:00","N","N","N","blankmaze"
"FISH 5",19,14.9,14.1,"00:37","15:37",34,"15:00","N","N","N","blankmaze"
"FISH 5",20,15.8,15.8,"01:20","16:20",77,"15:00","N","N","N","blankmaze"
"FISH 6",1,14.9,15,"00:42","15:42",35,"15:00","N","N","N","blankmaze"
"FISH 6",2,14.3,15.6,"10:06","25:06",600,"15:00","N","N","N","blankmaze"
"FISH 6",3,15,15.5,"08:55","23:55",530,"15:00","N","N","N","blankmaze"
"FISH 6",4,14.5,14,"08:57","18:14",534,"09:20","Y","N","N","blankmaze"
"FISH 6",5,14.2,15.5,"05:57","20:57",353,"15:00","N","N","N","blankmaze"
"FISH 6",6,13.9,14,"03:43","18:43",179,"15:00","N","N","N","blankmaze"
"FISH 6",7,14,14.5,"07:03","22:03",416,"15:00","N","N","N","blankmaze"
"FISH 6",8,14.4,14.9,"02:55","17:55",171,"15:00","N","N","N","blankmaze"
"FISH 6",9,13.5,14.2,"07:53","22:53",470,"15:00","N","N","N","blankmaze"
"FISH 6",10,14.1,14.1,"06:49","21:49",405,"15:00","N","N","N","blankmaze"
"FISH 6",11,14.5,14.7,"05:18","20:18",315,"15:00","N","N","N","blankmaze"
"FISH 6",12,13.6,14,"06:30","21:30",386,"15:00","N","N","N","blankmaze"
"FISH 6",13,15,15,"09:46","24:46",582,"15:00","N","N","N","blankmaze"
"FISH 6",14,14.1,14.1,"03:50","04:51",225,"01:01","N","N","Y","blankmaze"
"FISH 6",15,14.2,14.4,"00:04","15:04",1,"15:00","N","N","N","blankmaze"
"FISH 6",16,15.5,15.5,"04:07","19:07",242,"15:00","N","N","N","blankmaze"
"FISH 6",17,13.5,13.5,"02:34","07:38",159,"05:04","N","N","Y","blankmaze"
"FISH 6",18,14.6,14.9,"03:48","18:48",223,"15:00","N","N","N","blankmaze"
"FISH 6",19,14.5,14.7,"02:30","17:30",145,"15:00","N","N","N","blankmaze"
"FISH 6",20,15,15.2,"00:04","15:04",1,"15:00","N","N","N","blankmaze"
"FISH 7",1,14.4,14.4,"00:20","15:20",12,"15:00","N","N","N","blankmaze"
"FISH 7",2,15.3,15.3,"00:23","15:23",17,"15:00","N","N","N","blankmaze"
"FISH 7",3,14.4,14.4,"00:16","03:11",175,"02:55","N","N","Y","blankmaze"
"FISH 7",4,14.6,15.3,"00:25","15:25",22,"15:00","N","N","N","blankmaze"
"FISH 7",5,14.1,14.1,"00:16","15:16",13,"15:00","N","N","N","blankmaze"
"FISH 7",6,13.3,13.3,"00:04","11:24",1,"11:00","N","N","Y","blankmaze"
"FISH 7",7,14.9,14.9,"01:29","16:29",84,"15:00","Y","N","N","blankmaze"
"FISH 7",8,NA,NA,"00:34","05:23",29,"04:49","N","N","Y","blankmaze"
"FISH 7",9,14.6,14.6,"02:17","03:45",133,"01:28","N","N","N","blankmaze"
"FISH 7",10,14.8,14.8,"03:32","05:47",206,"02:15","N","N","Y","blankmaze"
"FISH 7",11,14.6,14.6,"00:11","02:02",6,"01:51","N","N","Y","blankmaze"
"FISH 7",12,13.6,13.8,"00:44","15:44",39,"15:00","N","N","N","blankmaze"
"FISH 7",13,13.4,13.6,"00:21","15:21",16,"15:00","N","N","N","blankmaze"
"FISH 7",14,14.8,15.2,"00:38","04:07",34,"03:29","N","N","Y","blankmaze"
"FISH 7",15,14.8,14.8,"00:43","",NA,"","N","N","Y","blankmaze"
"FISH 7",16,15.1,15.1,"01:45","04:08",143,"01:41","N","N","Y","blankmaze"
"FISH 7",17,14.1,14.3,"00:23","15:23",20,"15:00","N","N","Y","blankmaze"
"FISH 7",18,14.4,14.6,"00:55","12:43",51,"11:34","Y","N","N","blankmaze"
"FISH 7",19,14.2,14.2,"00:03","15:03",1,"15:00","N","N","N","blankmaze"
"FISH 7",20,15.4,15.4,"00:52","11:56",48,"11:08","N","N","Y","blankmaze"
"FISH 8",1,14.1,14.8,"00:19","15:19",10,"12:35","Y","N","N","blankmaze"
"FISH 8",2,15.7,15.7,"01:21","16:21",76,"15:00","N","N","N","blankmaze"
"FISH 8",3,15.5,15.9,"01:05","16:05",60,"15:00","N","N","N","blankmaze"
"FISH 8",4,14.7,14.9,"01:13","16:13",68,"15:00","N","N","N","blankmaze"
"FISH 8",5,13.8,14,"00:17","15:17",13,"15:00","N","N","N","blankmaze"
"FISH 8",6,14.1,14.6,"06:35","21:35",390,"15:00","N","N","N","blankmaze"
"FISH 8",7,15.1,15.3,"00:45","15:45",40,"15:00","N","N","N","blankmaze"
"FISH 8",8,14.9,14.5,"01:09","16:09",64,"15:00","N","N","N","blankmaze"
"FISH 8",9,13.6,14,"00:10","15:10",2,"15:00","N","N","N","blankmaze"
"FISH 8",10,13.7,13.7,"05:09","20:09",306,"15:00","N","N","N","blankmaze"
"FISH 8",11,16.3,16,"08:16","23:16",490,"15:00","N","N","N","blankmaze"
"FISH 8",12,15.2,15.6,"07:35","22:35",450,"15:00","N","N","N","blankmaze"
"FISH 8",13,14,14.2,"00:05","15:05",1,"15:00","N","N","N","blankmaze"
"FISH 8",14,15,15.2,"00:51","15:51",600,"15:00","N","N","N","blankmaze"
"FISH 8",15,14.1,14.8,"01:59","16:59",114,"15:00","N","N","N","blankmaze"
"FISH 8",16,14.8,14.8,"08:12","11:05",488,"02:53","N","N","Y","blankmaze"
"FISH 8",17,14.9,14.9,"04:43","09:23",278,"04:40","N","N","Y","blankmaze"
"FISH 8",18,14,14.6,"00:16","15:16",600,"15:00","N","N","N","blankmaze"
"FISH 8",19,14.2,14.6,"00:36","15:36",29,"15:00","N","N","N","blankmaze"
"FISH 8",20,15,15.2,"06:40","21:40",395,"15:00","N","N","N","blankmaze"
"FISH 9",1,14.5,15.5,"00:10","15:10",2,"15:00","N","N","N","blankmaze"
"FISH 9",2,14.1,14.6,"","",NA,"","N","N","N","blankmaze"
"FISH 9",3,14.1,14.6,"01:50","16:50",103,"15:00","N","N","N","blankmaze"
"FISH 9",4,15.4,15.7,"00:06","15:06",2,"15:00","N","N","N","blankmaze"
"FISH 9",5,14.5,14.7,"02:36","17:36",151,"15:00","N","N","N","blankmaze"
"FISH 9",6,14.6,14.6,"00:18","15:18",14,"15:00","N","N","N","blankmaze"
"FISH 9",7,14.4,14.5,"00:29","15:29",24,"15:00","N","N","N","blankmaze"
"FISH 9",8,15.2,15.2,"00:41","03:55",37,"03:14","N","N","Y","blankmaze"
"FISH 9",9,13.9,14.4,"00:07","15:07",1,"15:00","N","N","N","blankmaze"
"FISH 9",10,14,14.4,"00:16","15:16",11,"15:00","N","N","N","blankmaze"
"FISH 9",11,15.2,15.2,"00:03","09:06",1,"09:02","N","N","Y","blankmaze"
"FISH 9",12,15.8,15.8,"00:24","15:24",20,"15:00","N","N","N","blankmaze"
"FISH 9",13,14.4,14.6,"04:53","19:53",288,"15:00","N","N","N","blankmaze"
"FISH 9",14,13.7,14,"00:06","15:06",2,"15:00","N","N","N","blankmaze"
"FISH 9",15,13.4,13.4,"01:03","08:23",57,"07:20","N","N","Y","blankmaze"
"FISH 9",16,14,14.4,"01:25","11:09",79,"10:50","Y","Y","N","blankmaze"
"FISH 9",17,14.7,14.9,"00:35","15:35",31,"15:00","N","N","N","blankmaze"
"FISH 9",18,14.9,14.9,"00:23","15:23",17,"15:00","N","N","N","blankmaze"
"FISH 9",19,15.2,15.2,"00:33","15:33",30,"15:00","N","N","N","blankmaze"
"FISH 9",20,14.5,14.7,"00:04","05:49",1,"05:45","Y","N","N","blankmaze"
"FISH 10",1,15.5,15.9,"00:00","11:18",60,"11:18","N","N","Y","blankmaze"
"FISH 10",2,14.6,14.9,"00:04","15:04",1,"15:00","N","N","N","blankmaze"
"FISH 10",3,14,14.4,"00:06","15:06",1,"15:00","N","N","N","blankmaze"
"FISH 10",4,13.9,13.2,"00:13","15:13",9,"15:00","N","N","N","blankmaze"
"FISH 10",5,13.6,13.8,"00:23","15:23",18,"15:00","N","N","N","blankmaze"
"FISH 10",6,15.1,15.3,"01:05","16:05",1,"15:00","N","N","N","blankmaze"
"FISH 10",7,14.9,14.1,"01:36","16:36",90,"15:00","N","N","N","blankmaze"
"FISH 10",8,14.7,14.9,"01:19","16:19",75,"15:00","N","N","N","blankmaze"
"FISH 10",9,14.6,14,"00:55","15:55",49,"15:00","N","N","N","blankmaze"
"FISH 10",10,13.8,14.2,"00:52","15:52",48,"15:00","N","N","N","blankmaze"
"FISH 10",11,15.6,15,"00:11","15:11",7,"15:00","N","N","N","blankmaze"
"FISH 10",12,14.6,14.9,"01:30","16:30",85,"15:00","N","N","N","blankmaze"
"FISH 10",13,13.6,13.9,"00:10","15:10",5,"15:00","N","N","N","blankmaze"
"FISH 10",14,14.1,14.2,"00:32","15:32",28,"14:28","N","N","Y","blankmaze"
"FISH 10",15,13.9,14,"00:11","15:11",7,"15:00","N","N","N","blankmaze"
"FISH 10",16,14.4,14.4,"00:09","02:16",5,"02:07","N","N","Y","blankmaze"
"FISH 10",17,14.3,14.6,"05:01","20:01",297,"15:00","N","N","N","blankmaze"
"FISH 10",18,14.1,14.3,"00:48","15:48",44,"15:00","N","N","N","blankmaze"
"FISH 10",19,13.9,14.2,"01:40","16:40",96,"15:00","N","N","N","blankmaze"
"FISH 10",20,15.4,15.6,"00:10","15:10",5,"15:00","N","N","N","blankmaze"
"FISH 1",1,14.6,14.8,"06:55","21:55",411,"15:00","N","N","N","gravelmaze"
"FISH 1",2,14.7,14.7,"00:13","06:48",600,"06:35","N","N","Y","gravelmaze"
"FISH 1",3,13.7,13.7,"00:00","15:00",600,"15:00","N","N","N","gravelmaze"
"FISH 1",4,14.4,14.6,"00:10","15:10",600,"15:00","N","N","N","gravelmaze"
"FISH 1",5,15.3,15.5,"00:25","15:25",600,"15:00","N","N","N","gravelmaze"
"FISH 1",6,14.6,14.9,"08:23","23:23",498,"15:00","N","N","N","gravelmaze"
"FISH 1",7,14.3,14.4,"03:44","18:44",216,"15:00","N","N","N","gravelmaze"
"FISH 1",8,14.4,14,"00:20","15:20",600,"15:00","N","N","N","gravelmaze"
"FISH 1",9,14.6,14.6,"05:53","20:53",349,"15:00","N","N","N","gravelmaze"
"FISH 1",10,14.8,14.8,"02:51","17:51",167,"15:00","N","N","N","gravelmaze"
"FISH 1",11,14.7,14.1,"00:06","15:06",600,"15:00","N","N","N","gravelmaze"
"FISH 1",12,13.3,14,"00:11","15:11",600,"15:00","N","N","N","gravelmaze"
"FISH 1",13,14.2,14.3,"06:02","21:02",359,"15:00","N","N","N","gravelmaze"
"FISH 1",14,14.2,14.8,"00:23","15:23",600,"15:00","N","N","N","gravelmaze"
"FISH 1",15,15.3,15.5,"00:00","15:00",600,"15:00","N","N","N","gravelmaze"
"FISH 1",16,14.6,14,"00:13","15:13",600,"15:00","N","N","N","gravelmaze"
"FISH 1",17,13.4,14.2,"09:33","24:33",568,"15:00","N","N","N","gravelmaze"
"FISH 1",18,15.7,15.1,"00:17","15:17",600,"15:00","N","N","N","gravelmaze"
"FISH 1",19,14.8,14.9,"05:17","20:17",312,"15:00","N","N","N","gravelmaze"
"FISH 1",20,13.9,14,"03:31","18:31",147,"15:00","N","N","N","gravelmaze"
"FISH 2",1,14.5,14.7,"01:35","16:35",90,"15:00","N","N","N","gravelmaze"
"FISH 2",2,14.1,14.3,"00:17","15:17",600,"15:00","N","N","N","gravelmaze"
"FISH 2",3,14.8,15.1,"03:54","18:54",229,"15:00","N","N","N","gravelmaze"
"FISH 2",4,14,14,"00:15","15:15",600,"15:00","N","N","N","gravelmaze"
"FISH 2",5,14,14.2,"02:11","17:11",127,"15:00","N","N","N","gravelmaze"
"FISH 2",6,15.6,15.6,"10:07","25:07",600,"15:00","N","N","N","gravelmaze"
"FISH 2",7,15.9,15,"03:34","18:34",210,"15:00","N","N","N","gravelmaze"
"FISH 2",8,15.5,15.6,"02:04","17:04",121,"15:00","N","N","N","gravelmaze"
"FISH 2",9,14.4,14.6,"03:36","18:36",212,"15:00","N","N","N","gravelmaze"
"FISH 2",10,14.4,14.6,"04:55","19:55",291,"15:00","N","N","N","gravelmaze"
"FISH 2",11,13.6,14.2,"08:05","23:05",481,"15:00","N","N","N","gravelmaze"
"FISH 2",12,14.8,14.8,"00:19","15:19",14,"15:00","N","N","N","gravelmaze"
"FISH 2",13,14.5,14.7,"00:29","15:29",25,"15:00","N","N","N","gravelmaze"
"FISH 2",14,13.6,13.9,"00:31","15:31",27,"15:00","N","N","N","gravelmaze"
"FISH 2",15,14.8,14.8,"01:23","16:23",79,"15:00","N","N","N","gravelmaze"
"FISH 2",16,15.1,15.3,"00:17","15:17",600,"15:00","N","N","N","gravelmaze"
"FISH 2",17,15.5,15.9,"00:17","15:17",600,"15:00","N","N","N","gravelmaze"
"FISH 2",18,15.3,15.5,"04:41","19:46",281,"15:00","N","N","N","gravelmaze"
"FISH 2",19,13.6,14,"07:39","22:39",453,"15:00","N","N","N","gravelmaze"
"FISH 2",20,14.3,14.7,"00:09","15:09",600,"15:00","N","N","N","gravelmaze"
"FISH 3",1,14.9,14.9,"00:12","15:12",7,"15:00","N","N","N","gravelmaze"
"FISH 3",2,13.9,14.3,"02:52","17:52",167,"15:00","N","N","N","gravelmaze"
"FISH 3",3,15.4,15.5,"00:14","15:14",600,"15:00","N","N","N","gravelmaze"
"FISH 3",4,13.8,13.8,"00:50","15:50",46,"15:00","N","N","N","gravelmaze"
"FISH 3",5,14.4,14.6,"03:26","18:26",202,"15:00","N","N","N","gravelmaze"
"FISH 3",6,15.2,15.4,"00:25","15:25",600,"15:00","N","N","N","gravelmaze"
"FISH 3",7,15.2,15.4,"08:34","23:34",510,"15:00","N","N","N","gravelmaze"
"FISH 3",8,14.1,14.1,"00:24","12:07",18,"11:43","N","N","Y","gravelmaze"
"FISH 3",9,14.8,14.7,"00:48","15:48",51,"15:00","N","N","N","gravelmaze"
"FISH 3",10,13.3,13.3,"00:31","15:31",600,"15:00","N","N","N","gravelmaze"
"FISH 3",11,14.3,14.5,"00:20","15:20",600,"15:00","N","N","N","gravelmaze"
"FISH 3",12,14,14.5,"00:00","15:00",600,"15:00","N","N","N","gravelmaze"
"FISH 3",13,13.3,13.5,"06:38","21:38",391,"15:00","N","N","N","gravelmaze"
"FISH 3",14,14.6,14.8,"06:44","21:44",400,"15:00","N","N","N","gravelmaze"
"FISH 3",15,14,14.6,"00:13","01:07",600,"00:54","N","N","Y","gravelmaze"
"FISH 3",16,13.8,14,"00:22","15:22",600,"15:00","N","N","N","gravelmaze"
"FISH 3",17,14,14.6,"00:19","15:19",600,"15:00","N","N","N","gravelmaze"
"FISH 3",18,14.4,14.8,"00:28","15:28",600,"15:00","N","N","N","gravelmaze"
"FISH 3",19,14.3,14.5,"05:27","20:27",323,"15:00","N","N","N","gravelmaze"
"FISH 3",20,14.5,14.6,"00:07","15:07",600,"15:00","N","N","N","gravelmaze"
"FISH 4",1,14.5,14.7,"00:10","15:10",5,"15:00","N","N","N","gravelmaze"
"FISH 4",2,13,13.5,"00:21","15:21",16,"15:00","N","N","N","gravelmaze"
"FISH 4",3,14.8,15.1,"00:24","15:24",20,"15:00","N","N","N","gravelmaze"
"FISH 4",4,14,14.2,"00:11","15:11",7,"15:00","N","N","N","gravelmaze"
"FISH 4",5,14,14,"00:06","15:06",1,"15:00","N","N","N","gravelmaze"
"FISH 4",6,14.6,14.6,"00:52","15:52",46,"15:00","N","N","N","gravelmaze"
"FISH 4",7,15,14.9,"00:14","15:14",7,"15:00","N","N","N","gravelmaze"
"FISH 4",8,14,14.2,"00:10","15:10",5,"15:00","N","N","N","gravelmaze"
"FISH 4",9,14.9,14.2,"00:25","15:25",21,"15:00","N","N","N","gravelmaze"
"FISH 4",10,14.1,14.2,"00:22","15:22",18,"15:00","N","N","N","gravelmaze"
"FISH 4",11,13.8,14,"00:30","15:30",27,"15:00","N","N","N","gravelmaze"
"FISH 4",12,14.4,14.6,"01:35","16:35",90,"15:00","N","N","N","gravelmaze"
"FISH 4",13,15.5,15.5,"00:23","15:23",20,"15:00","N","N","N","gravelmaze"
"FISH 4",14,13.3,13.6,"00:34","15:34",28,"15:00","N","N","N","gravelmaze"
"FISH 4",15,14.9,14.9,"00:17","15:17",13,"15:00","N","N","N","gravelmaze"
"FISH 4",16,14.2,14.4,"00:24","15:24",20,"15:00","N","N","N","gravelmaze"
"FISH 4",17,14.2,14.6,"00:06","15:06",1,"15:00","N","N","N","gravelmaze"
"FISH 4",18,13.3,13.6,"00:08","15:08",4,"15:00","N","N","N","gravelmaze"
"FISH 4",19,14,14.1,"00:08","15:08",3,"15:00","N","N","N","gravelmaze"
"FISH 4",20,14.7,14.9,"00:06","15:06",1,"15:00","N","N","N","gravelmaze"
"FISH 5",1,15.4,15.8,"02:09","17:09",125,"15:00","N","N","N","gravelmaze"
"FISH 5",2,14.3,14.6,"00:18","15:18",14,"15:00","N","N","N","gravelmaze"
"FISH 5",3,14.9,14.1,"00:55","15:55",50,"15:00","N","N","N","gravelmaze"
"FISH 5",4,13.5,13.5,"01:19","16:19",75,"15:00","N","N","N","gravelmaze"
"FISH 5",5,14.6,14.6,"00:32","15:32",32,"15:00","N","N","N","gravelmaze"
"FISH 5",6,14.4,14.7,"01:10","16:10",65,"15:00","N","N","N","gravelmaze"
"FISH 5",7,13.9,14.1,"01:45","16:45",101,"15:00","N","N","N","gravelmaze"
"FISH 5",8,15.4,15.4,"01:40","16:40",96,"15:00","N","N","N","gravelmaze"
"FISH 5",9,14.4,14.7,"00:33","15:33",26,"15:00","N","N","N","gravelmaze"
"FISH 5",10,14,14.2,"00:15","15:15",11,"15:00","N","N","N","gravelmaze"
"FISH 5",11,13.8,14.4,"00:33","15:33",27,"15:00","N","N","N","gravelmaze"
"FISH 5",12,14.6,14.8,"00:18","15:18",600,"15:00","N","N","N","gravelmaze"
"FISH 5",13,15.3,15.5,"09:27","24:27",562,"15:00","N","N","N","gravelmaze"
"FISH 5",14,15.5,15.7,"00:06","15:06",600,"15:00","N","N","N","gravelmaze"
"FISH 5",15,13.6,14.2,"08:05","23:05",480,"15:00","N","N","N","gravelmaze"
"FISH 5",16,14.2,14.4,"00:39","15:39",35,"15:00","N","N","N","gravelmaze"
"FISH 5",17,14,14.4,"07:08","22:08",424,"15:00","N","N","N","gravelmaze"
"FISH 5",18,13.8,13.9,"00:52","15:52",49,"15:00","N","N","N","gravelmaze"
"FISH 5",19,14.3,14.5,"00:29","15:29",23,"15:00","N","N","N","gravelmaze"
"FISH 5",20,14.3,14.5,"02:55","17:55",171,"15:00","N","N","N","gravelmaze"
"FISH 6",1,14.1,14.5,"02:29","17:29",145,"15:00","N","N","N","gravelmaze"
"FISH 6",2,13.7,14.1,"06:13","21:13",369,"15:00","N","N","N","gravelmaze"
"FISH 6",3,14.2,14.4,"03:42","18:42",218,"15:00","N","N","N","gravelmaze"
"FISH 6",4,13.3,13.8,"01:07","16:07",63,"15:00","N","N","N","gravelmaze"
"FISH 6",5,14.6,14.8,"00:12","15:12",600,"15:00","N","N","N","gravelmaze"
"FISH 6",6,14.4,14.4,"00:20","15:20",600,"15:00","N","N","N","gravelmaze"
"FISH 6",7,14.8,14.9,"05:39","20:39",333,"15:00","N","N","N","gravelmaze"
"FISH 6",8,14.4,14.5,"04:45","19:45",280,"15:00","N","N","N","gravelmaze"
"FISH 6",9,14.8,14,"00:15","15:15",600,"15:00","N","N","N","gravelmaze"
"FISH 6",10,14.6,14.6,"07:30","22:30",443,"15:00","N","N","N","gravelmaze"
"FISH 6",11,13.3,13.8,"01:18","16:18",74,"15:00","N","N","N","gravelmaze"
"FISH 6",12,13.8,14.2,"08:08","23:08",484,"15:00","N","N","N","gravelmaze"
"FISH 6",13,14.6,15.3,"00:12","15:12",600,"15:00","N","N","N","gravelmaze"
"FISH 6",14,14.8,14.8,"00:09","15:09",600,"15:00","N","N","N","gravelmaze"
"FISH 6",15,14.2,14.1,"04:26","19:26",262,"15:00","N","N","N","gravelmaze"
"FISH 6",16,13.8,14.2,"00:13","15:13",600,"15:00","N","N","N","gravelmaze"
"FISH 6",17,13,13.6,"03:25","18:25",201,"15:00","N","N","N","gravelmaze"
"FISH 6",18,15.7,15.7,"00:14","15:14",600,"15:00","N","N","N","gravelmaze"
"FISH 6",19,13.6,14,"05:53","20:53",348,"15:00","N","N","N","gravelmaze"
"FISH 6",20,14.7,14.1,"00:12","15:12",600,"15:00","N","N","N","gravelmaze"
"FISH 7",1,15.6,15.6,"00:05","09:05",1,"09:00","N","N","Y","gravelmaze"
"FISH 7",2,14.9,14.9,"00:50","15:50",46,"15:00","N","N","N","gravelmaze"
"FISH 7",3,15.6,15.6,"00:16","15:16",11,"15:00","N","N","N","gravelmaze"
"FISH 7",4,13.5,13.8,"05:54","20:54",350,"15:00","N","N","N","gravelmaze"
"FISH 7",5,15.1,15.1,"00:16","02:35",600,"02:19","N","N","Y","gravelmaze"
"FISH 7",6,13.3,14.2,"00:05","15:05",1,"15:00","N","N","N","gravelmaze"
"FISH 7",7,13.9,14,"00:57","08:01",52,"07:05","N","N","Y","gravelmaze"
"FISH 7",8,14.4,14.4,"00:18","04:25",10,"04:07","N","N","Y","gravelmaze"
"FISH 7",9,14,14.2,"08:00","09:51",475,"01:51","N","N","Y","gravelmaze"
"FISH 7",10,15.3,15.3,"00:12","04:08",600,"03:56","N","N","Y","gravelmaze"
"FISH 7",11,14.4,14.5,"00:17","04:26",600,"04:09","N","N","Y","gravelmaze"
"FISH 7",12,14,14.6,"02:29","13:08",143,"10:39","N","N","Y","gravelmaze"
"FISH 7",13,15.1,15.1,"00:07","03:58",600,"15:00","N","N","Y","gravelmaze"
"FISH 7",14,14,14.4,"00:08","05:10",600,"05:02","N","N","Y","gravelmaze"
"FISH 7",15,13.6,13.9,"02:07","15:54",121,"13:47","N","N","Y","gravelmaze"
"FISH 7",16,15.5,15.5,"03:32","04:52",208,"01:20","N","N","Y","gravelmaze"
"FISH 7",17,14.4,14.4,"00:08","02:11",600,"02:03","N","N","Y","gravelmaze"
"FISH 7",18,13.6,14,"08:51","11:32",526,"02:41","N","N","Y","gravelmaze"
"FISH 7",19,14.9,14.9,"00:15","01:24",600,"01:09","N","N","Y","gravelmaze"
"FISH 7",20,14,14.2,"07:52","09:16",468,"01:24","N","N","Y","gravelmaze"
"FISH 8",1,14.8,14.8,"00:25","15:25",600,"15:00","N","N","N","gravelmaze"
"FISH 8",2,13.2,13.9,"00:19","15:19",14,"15:00","N","N","N","gravelmaze"
"FISH 8",3,14.6,14.8,"02:56","17:56",169,"15:00","N","N","N","gravelmaze"
"FISH 8",4,14.5,14.5,"00:15","15:15",600,"15:00","N","N","N","gravelmaze"
"FISH 8",5,14.7,14.8,"05:59","20:59",NA,"15:00","N","N","N","gravelmaze"
"FISH 8",6,NA,NA,"00:05","15:05",1,"15:00","N","N","N","gravelmaze"
"FISH 8",7,14.6,14.8,"10:02","01:02",600,"15:00","N","N","N","gravelmaze"
"FISH 8",8,14.9,14.9,"00:26","15:26",22,"15:00","N","N","N","gravelmaze"
"FISH 8",9,15.7,15.8,"00:19","15:19",16,"15:00","N","N","N","gravelmaze"
"FISH 8",10,14.8,14.7,"00:39","15:39",36,"15:00","N","N","N","gravelmaze"
"FISH 8",11,14.6,14.8,"00:07","15:07",1,"15:00","N","N","N","gravelmaze"
"FISH 8",12,15.1,15.5,"02:06","17:06",122,"15:00","N","N","N","gravelmaze"
"FISH 8",13,15.5,15.5,"00:09","15:09",1,"15:00","N","N","N","gravelmaze"
"FISH 8",14,14.4,14.6,"07:38","22:38",454,"15:00","N","N","N","gravelmaze"
"FISH 8",15,15.3,15.7,"00:29","15:29",24,"15:00","N","N","N","gravelmaze"
"FISH 8",16,14.6,14.8,"00:37","15:37",31,"15:00","N","N","N","gravelmaze"
"FISH 8",17,14,14.2,"00:06","15:06",2,"15:00","N","N","N","gravelmaze"
"FISH 8",18,14.7,14.7,"03:31","18:07",207,"14:36","Y","N","N","gravelmaze"
"FISH 8",19,14.7,14.7,"01:54","16:54",110,"15:00","N","N","N","gravelmaze"
"FISH 8",20,15.1,15.2,"00:33","15:33",600,"15:00","N","N","N","gravelmaze"
"FISH 9",1,15.6,15.8,"02:19","16:05",134,"13:51","N","N","Y","gravelmaze"
"FISH 9",2,14.9,14.9,"00:05","05:00",1,"04:55","N","N","Y","gravelmaze"
"FISH 9",3,14.8,14.8,"00:13","15:13",600,"15:00","N","N","N","gravelmaze"
"FISH 9",4,14.1,14.4,"04:26","12:04",260,"07:44","N","N","Y","gravelmaze"
"FISH 9",5,15.7,15.7,"07:20","11:30",436,"04:10","N","N","Y","gravelmaze"
"FISH 9",6,13.6,13.7,"00:06","13:49",1,"13:43","N","N","Y","gravelmaze"
"FISH 9",7,13.7,13.7,"04:55","15:53",291,"11:02","N","N","Y","gravelmaze"
"FISH 9",8,13.3,14,"00:08","15:08",600,"15:00","N","N","N","gravelmaze"
"FISH 9",9,14.8,15.1,"00:50","15:50",46,"15:00","N","N","N","gravelmaze"
"FISH 9",10,14.4,14.5,"00:13","15:13",9,"15:00","N","N","N","gravelmaze"
"FISH 9",11,15.7,15.8,"00:59","08:25",54,"07:26","N","N","N","gravelmaze"
"FISH 9",12,14.4,14.4,"00:37","15:37",32,"15:00","N","N","N","gravelmaze"
"FISH 9",13,15.3,15.5,"04:00","19:00",236,"15:00","N","N","N","gravelmaze"
"FISH 9",14,14.4,14.4,"00:13","15:13",9,"15:00","N","N","N","gravelmaze"
"FISH 9",15,14.4,0.1,"01:06","10:53",63,"09:47","N","N","Y","gravelmaze"
"FISH 9",16,14.4,14.4,"02:03","17:03",119,"15:00","N","N","N","gravelmaze"
"FISH 9",17,14.4,14,"07:06","22:06",422,"15:00","N","N","N","gravelmaze"
"FISH 9",18,15.1,15.3,"03:24","18:24",199,"15:00","N","N","N","gravelmaze"
"FISH 9",19,14.2,1.4,"00:05","15:05",1,"15:00","N","N","N","gravelmaze"
"FISH 9",20,14.3,14.7,"01:58","14:21",113,"12:23","N","N","Y","gravelmaze"
"FISH 10",1,15.8,15,"00:03","15:03",1,"15:00","N","N","N","gravelmaze"
"FISH 10",2,14.5,14.7,"01:31","16:31",87,"15:00","N","N","N","gravelmaze"
"FISH 10",3,14.6,14.8,"03:27","18:27",203,"15:00","N","N","N","gravelmaze"
"FISH 10",4,14.6,14.6,"00:11","15:11",7,"15:00","N","N","N","gravelmaze"
"FISH 10",5,14.5,14.5,"01:02","16:02",58,"15:00","N","N","N","gravelmaze"
"FISH 10",6,14.1,14.2,"00:11","15:11",7,"15:00","N","N","N","gravelmaze"
"FISH 10",7,13.3,13.3,"00:10","15:10",6,"15:00","N","N","N","gravelmaze"
"FISH 10",8,13.8,14.2,"00:23","15:23",16,"15:00","N","N","N","gravelmaze"
"FISH 10",9,14.4,14.4,"00:12","15:12",8,"15:00","N","N","N","gravelmaze"
"FISH 10",10,14.9,14.2,"07:55","22:55",468,"15:00","N","N","N","gravelmaze"
"FISH 10",11,15.5,15.5,"01:56","16:56",113,"15:00","N","N","N","gravelmaze"
"FISH 10",12,15.5,15.7,"00:14","15:14",11,"15:00","N","N","N","gravelmaze"
"FISH 10",13,14.9,14.9,"00:18","15:18",13,"15:00","N","N","N","gravelmaze"
"FISH 10",14,14,14,"00:36","15:36",31,"15:00","N","N","N","gravelmaze"
"FISH 10",15,14.8,15.1,"03:35","16:41",211,"13:06","Y","N","N","gravelmaze"
"FISH 10",16,13.6,14,"01:23","16:23",79,"15:00","N","N","N","gravelmaze"
"FISH 10",17,14.4,14.4,"00:54","15:54",50,"15:00","N","N","N","gravelmaze"
"FISH 10",18,14.4,14.9,"06:36","21:36",392,"15:00","N","N","N","gravelmaze"
"FISH 10",19,14.9,15.1,"00:14","15:14",600,"15:00","N","N","N","gravelmaze"
"FISH 10",20,14.7,14.9,"00:17","15:17",12,"15:00","N","N","N","gravelmaze"
"FISH 1",1,15.5,15.5,"00:20","02:41",600,"02:21","Y","N","N","greenmaze"
"FISH 1",2,13.9,14.1,"08:07","23:07",484,"15:00","N","N","N","greenmaze"
"FISH 1",3,13.5,14.1,"00:21","15:21",600,"15:00","N","N","N","greenmaze"
"FISH 1",4,14.7,14.1,"03:48","18:48",221,"15:00","N","N","N","greenmaze"
"FISH 1",5,14.1,14.4,"00:40","15:40",37,"15:00","N","N","N","greenmaze"
"FISH 1",6,13.3,13.7,"06:47","21:47",403,"15:00","N","N","N","greenmaze"
"FISH 1",7,14.7,14.1,"01:43","16:43",98,"15:00","N","N","N","greenmaze"
"FISH 1",8,14.1,14.4,"00:10","15:10",600,"15:00","N","N","N","greenmaze"
"FISH 1",9,13.9,14.3,"00:21","15:21",600,"15:00","N","N","N","greenmaze"
"FISH 1",10,15.4,15.8,"08:48","23:48",522,"15:00","N","N","N","greenmaze"
"FISH 1",11,14.2,14.2,"00:21","06:50",600,"06:29","Y","N","N","greenmaze"
"FISH 1",12,14,14.6,"00:13","15:13:00",600,"15:00","N","N","N","greenmaze"
"FISH 1",13,14.8,15.1,"00:18","04:53",600,"04:35","Y","N","N","greenmaze"
"FISH 1",14,13.8,13.8,"05:01","20:01",294,"15:00","N","N","N","greenmaze"
"FISH 1",15,14,14.1,"01:24","11:34",80,"10:10","Y","N","N","greenmaze"
"FISH 1",16,13.4,13.6,"00:18","4:28:00",600,"04:10","Y","N","N","greenmaze"
"FISH 1",17,14.6,14.4,"06:52","21:52:00",408,"15:00","N","N","N","greenmaze"
"FISH 1",18,14.9,15.1,"05:47","20:47",343,"15:00","N","N","N","greenmaze"
"FISH 1",19,13.3,13.9,"06:34","21:34",270,"15:00","N","N","N","greenmaze"
"FISH 1",20,14.7,14.9,"01:36","16:36",91,"15:00","N","N","N","greenmaze"
"FISH 2",1,14.7,14.7,"05:20","20:20",317,"15:00","N","N","N","greenmaze"
"FISH 2",2,14.3,14.5,"00:14","15:14",600,"15:00","N","N","N","greenmaze"
"FISH 2",3,15.1,15.5,"00:38","15:38",600,"15:00","N","N","N","greenmaze"
"FISH 2",4,15.1,15.5,"00:41","15:41",600,"15:00","N","N","N","greenmaze"
"FISH 2",5,14.1,14.3,"03:20","18:20",194,"15:00","N","N","N","greenmaze"
"FISH 2",6,13.3,13.5,"03:52","18:52",228,"15:00","N","N","N","greenmaze"
"FISH 2",7,13.3,13.3,"06:30","21:30",386,"15:00","N","N","N","greenmaze"
"FISH 2",8,13.6,14.1,"00:39","15:39",600,"15:00","N","N","N","greenmaze"
"FISH 2",9,14.7,14.7,"00:39","15:39",600,"15:00","N","N","N","greenmaze"
"FISH 2",10,13.4,13.7,"00:23","15:23",600,"15:00","N","N","N","greenmaze"
"FISH 2",11,14,14.6,"00:40","15:40",600,"15:00","N","N","N","greenmaze"
"FISH 2",12,14.2,14.8,"00:27","15:27",600,"15:00","N","N","N","greenmaze"
"FISH 2",13,14.6,14,"00:48","15:48",600,"15:00","N","N","N","greenmaze"
"FISH 2",14,15.6,15.6,"00:20","15:20",600,"15:00","N","N","N","greenmaze"
"FISH 2",15,15.3,15.6,"00:25","15:25",600,"15:00","N","N","N","greenmaze"
"FISH 2",16,14.4,14.8,"00:12","15:02",600,"15:00","N","N","N","greenmaze"
"FISH 2",17,14.3,14.5,"00:36","15:36",600,"15:00","N","N","N","greenmaze"
"FISH 2",18,14.5,14.8,"05:27","20:27",323,"15:00","N","N","N","greenmaze"
"FISH 2",19,15.7,15.9,"00:20","15:20",600,"15:00","N","N","N","greenmaze"
"FISH 2",20,14.8,15,"01:48","16:48",104,"15:00","N","N","N","greenmaze"
"FISH 3",1,15.1,15.3,"02:56","17:56",173,"15:00","N","N","N","greenmaze"
"FISH 3",2,15.4,15.4,"00:26","15:26",600,"15:00","N","N","N","greenmaze"
"FISH 3",3,14.7,14.9,"00:45","15:45",600,"15:00","N","N","N","greenmaze"
"FISH 3",4,13.2,13.9,"00:38","15:38",600,"15:00","N","N","N","greenmaze"
"FISH 3",5,14.6,15,"00:25","15:25",600,"15:00","N","N","N","greenmaze"
"FISH 3",6,13.7,14.1,"00:21","15:21",600,"15:00","N","N","N","greenmaze"
"FISH 3",7,14.3,14.7,"00:32","15:32",600,"15:00","N","N","N","greenmaze"
"FISH 3",8,14.9,14.4,"00:09","15:09",600,"15:00","N","N","N","greenmaze"
"FISH 3",9,14.4,14.8,"00:25","15:25",600,"15:00","N","N","N","greenmaze"
"FISH 3",10,14,14.3,"00:22","15:22",600,"15:00","N","N","N","greenmaze"
"FISH 3",11,14.4,14.6,"00:13","15:13",600,"15:00","N","N","N","greenmaze"
"FISH 3",12,15.2,15.2,"00:53","15:53",600,"15:00","N","N","N","greenmaze"
"FISH 3",13,14,14.2,"00:18","15:18",600,"15:00","N","N","N","greenmaze"
"FISH 3",14,14.2,14.4,"02:08","17:08",123,"15:00","N","N","N","greenmaze"
"FISH 3",15,13.8,14.4,"00:19","15:19",600,"15:00","N","N","N","greenmaze"
"FISH 3",16,14.4,14.8,"00:14","15:14",600,"15:00","N","N","N","greenmaze"
"FISH 3",17,14.2,14.3,"00:18","15:18",600,"15:00","N","N","N","greenmaze"
"FISH 3",18,14,14.4,"00:16","15:16",600,"15:00","N","N","N","greenmaze"
"FISH 3",19,14.7,14.7,"00:26","15:26",600,"15:00","N","N","N","greenmaze"
"FISH 3",20,14.1,14.4,"00:20","02:52",600,"02:32","N","N","Y","greenmaze"
"FISH 4",1,14.5,14.9,"00:37","15:37",34,"15:00","N","N","N","greenmaze"
"FISH 4",2,14.1,14.5,"00:52","15:00",47,"14:08","Y","N","N","greenmaze"
"FISH 4",3,13.5,14.7,"00:23","15:23",20,"15:00","N","N","N","greenmaze"
"FISH 4",4,14.1,14.6,"03:52","18:52",228,"15:00","N","N","N","greenmaze"
"FISH 4",5,15.6,15.8,"00:21","15:21",16,"15:00","N","N","N","greenmaze"
"FISH 4",6,14.4,14.4,"00:18","15:18",14,"15:00","N","N","N","greenmaze"
"FISH 4",7,14.9,14.3,"00:08","10:38",1,"10:30","Y","N","N","greenmaze"
"FISH 4",8,14.6,14.6,"05:35","20:35",328,"15:00","N","N","N","greenmaze"
"FISH 4",9,13.7,14.1,"05:16","20:16",311,"15:00","N","N","N","greenmaze"
"FISH 4",10,14.6,14.6,"01:26","02:59",79,"01:33","Y","N","N","greenmaze"
"FISH 4",11,14.7,14.9,"00:44","15:44",38,"15:00","N","N","N","greenmaze"
"FISH 4",12,14.8,14.8,"05:53","17:59",347,"12:06","Y","N","N","greenmaze"
"FISH 4",13,15.3,15.5,"00:21","15:21",18,"15:00","N","N","N","greenmaze"
"FISH 4",14,14.8,15.8,"09:25","24:25",559,"15:00","N","N","N","greenmaze"
"FISH 4",15,15.1,15.2,"00:12","15:12",6,"15:00","N","N","N","greenmaze"
"FISH 4",16,14.9,14.2,"01:08","16:08",62,"15:00","N","N","N","greenmaze"
"FISH 4",17,13.4,13.9,"00:12","15:12",7,"15:00","N","N","N","greenmaze"
"FISH 4",18,14.2,14.4,"00:25","15:25",19,"15:00","N","N","N","greenmaze"
"FISH 4",19,15.5,15.7,"00:05","15:05",1,"15:00","N","N","N","greenmaze"
"FISH 4",20,14.7,14.7,"03:13","18:13",188,"15:00","N","N","N","greenmaze"
"FISH 5",1,13.1,13.2,"00:08","15:08",4,"15:00","N","N","N","greenmaze"
"FISH 5",2,14.7,14.7,"07:44","22:44",461,"15:00","N","N","N","greenmaze"
"FISH 5",3,14.7,14.9,"00:12","15:12",600,"15:00","N","N","N","greenmaze"
"FISH 5",4,14.7,14.7,"00:09","15:09",600,"15:00","N","N","N","greenmaze"
"FISH 5",5,14.5,14.9,"01:32","16:32",88,"15:00","N","N","N","greenmaze"
"FISH 5",6,14.9,15.5,"01:10","16:10",66,"15:00","N","N","N","greenmaze"
"FISH 5",7,14.9,15.1,"02:22","17:22",136,"15:00","N","N","N","greenmaze"
"FISH 5",8,14.4,14.9,"09:13","24:13",546,"15:00","N","N","N","greenmaze"
"FISH 5",9,15,15.2,"04:14","19:14",249,"15:00","N","N","N","greenmaze"
"FISH 5",10,15.2,15.2,"09:21","24:21",553,"15:00","N","N","N","greenmaze"
"FISH 5",11,15.1,15.2,"01:38","16:38",91,"15:00","N","N","N","greenmaze"
"FISH 5",12,14.4,14.6,"00:41","15:41",600,"15:00","N","N","N","greenmaze"
"FISH 5",13,14.2,14.6,"06:36","21:36:00",391,"15:00","N","N","N","greenmaze"
"FISH 5",14,15.3,15.3,"00:44","15:44",37,"15:00","N","N","N","greenmaze"
"FISH 5",15,14.1,14.4,"01:34","16:34",90,"15:00","N","N","N","greenmaze"
"FISH 5",16,15.5,15.7,"02:54","17:54",168,"15:00","N","N","N","greenmaze"
"FISH 5",17,15.7,15,"05:45","20:45",340,"15:00","N","N","N","greenmaze"
"FISH 5",18,14.4,14.7,"00:19","15:19",600,"15:00","N","N","N","greenmaze"
"FISH 5",19,14.6,14.6,"03:01","18:01",176,"15:00","N","N","N","greenmaze"
"FISH 5",20,15.2,15.4,"04:18","19:18",253,"15:00","N","N","N","greenmaze"
"FISH 6",1,14.1,14.3,"02:27","17:27",144,"15:00","N","N","N","greenmaze"
"FISH 6",2,14.7,14.9,"01:39","16:39",94,"15:00","N","N","N","greenmaze"
"FISH 6",3,14.5,14.1,"05:28","18:35",323,"13:07","Y","N","N","greenmaze"
"FISH 6",4,13.9,14.3,"00:19","15:19",600,"15:00","N","N","N","greenmaze"
"FISH 6",5,14.3,14.7,"03:44","18:44",219,"15:00","N","N","N","greenmaze"
"FISH 6",6,14.4,15,"00:15","15:15",600,"15:00","N","N","N","greenmaze"
"FISH 6",7,15.3,15.4,"02:56","17:56",170,"15:00","N","N","N","greenmaze"
"FISH 6",8,14.3,14.7,"05:33","20:33",329,"15:00","N","N","N","greenmaze"
"FISH 6",9,14.8,15,"01:25","16:25",81,"15:00","N","N","N","greenmaze"
"FISH 6",10,14.8,14.9,"02:01","17:01",115,"15:00","N","N","N","greenmaze"
"FISH 6",11,14.5,14.5,"01:26","16:26",81,"15:00","N","N","N","greenmaze"
"FISH 6",12,13.4,13.6,"00:19","15:19",600,"15:00","N","N","N","greenmaze"
"FISH 6",13,14.4,14.6,"00:16","15:16:00",600,"15:00","N","N","N","greenmaze"
"FISH 6",14,13.6,13.8,"00:15","15:15",600,"15:00","N","N","N","greenmaze"
"FISH 6",15,14.9,14.1,"03:05","18:05",181,"15:00","N","N","N","greenmaze"
"FISH 6",16,13.6,14,"02:45","17:45",161,"15:00","N","N","N","greenmaze"
"FISH 6",17,14.4,14.4,"01:43","16:43",99,"15:00","N","N","N","greenmaze"
"FISH 6",18,15.1,15.3,"05:46","20:46",341,"15:00","N","N","N","greenmaze"
"FISH 6",19,14.7,14.1,"04:54","19:54",290,"15:00","N","N","N","greenmaze"
"FISH 6",20,15.4,15.8,"00:13","15:13",600,"15:00","N","N","N","greenmaze"
"FISH 7",1,13.9,14.2,"00:15","15:15",600,"15:00","N","N","N","greenmaze"
"FISH 7",2,15.6,15.8,"00:12","15:12",600,"15:00","N","N","N","greenmaze"
"FISH 7",3,14.3,14.5,"00:12","15:12",600,"15:00","N","N","N","greenmaze"
"FISH 7",4,13.3,13.9,"00:38","15:38",600,"15:00","N","N","N","greenmaze"
"FISH 7",5,13.9,14.3,"04:08","19:08",243,"15:00","N","N","N","greenmaze"
"FISH 7",6,14.7,14.9,"01:47","16:47",103,"15:00","N","N","N","greenmaze"
"FISH 7",7,14.5,14.5,"00:12","15:12",600,"15:00","N","N","N","greenmaze"
"FISH 7",8,14.6,15.2,"00:15","15:15",600,"15:00","N","N","N","greenmaze"
"FISH 7",9,15.2,15.2,"00:27","15:27",600,"15:00","N","N","N","greenmaze"
"FISH 7",10,14.5,14.7,"00:15","15:15",600,"15:00","N","N","N","greenmaze"
"FISH 7",11,14.6,14.8,"00:11","15:11",600,"15:00","N","N","N","greenmaze"
"FISH 7",12,14.8,14.2,"00:28","01:28",600,"15:00","N","N","N","greenmaze"
"FISH 7",13,14.5,14.1,"00:15","15:15",600,"15:00","N","N","N","greenmaze"
"FISH 7",14,14.6,14.8,"00:14","15:14",600,"15:00","N","N","N","greenmaze"
"FISH 7",15,13.6,13.8,"00:20","15:20",600,"15:00","N","N","N","greenmaze"
"FISH 7",16,14,14.4,"00:12","15:12",600,"15:00","N","N","N","greenmaze"
"FISH 7",17,15.1,15.1,"00:12","15:12",600,"15:00","N","N","N","greenmaze"
"FISH 7",18,14,14.3,"01:06","16:06",62,"15:00","N","N","N","greenmaze"
"FISH 7",19,14.3,14.7,"10:04","25:04",600,"15:00","N","N","N","greenmaze"
"FISH 7",20,14.1,14.5,"02:17","17:17",133,"15:00","N","N","N","greenmaze"
"FISH 8",1,14.8,15.1,"00:08","15:08",4,"15:00","N","N","N","greenmaze"
"FISH 8",2,14.1,14.6,"00:14","15:14",600,"15:00","N","N","N","greenmaze"
"FISH 8",3,15.3,15.5,"00:17","15:17",600,"15:00","N","N","N","greenmaze"
"FISH 8",4,14.7,14.9,"04:55","19:55",291,"15:00","N","N","N","greenmaze"
"FISH 8",5,13.7,14.1,"03:34","18:34",210,"15:00","N","N","N","greenmaze"
"FISH 8",6,13.5,13.7,"03:00","18:00",176,"15:00","N","N","N","greenmaze"
"FISH 8",7,14.4,14.5,"01:05","02:18",60,"01:13","Y","N","N","greenmaze"
"FISH 8",8,13.5,14.1,"08:53","23:53",529,"15:00","N","N","N","greenmaze"
"FISH 8",9,15,15,"02:39","17:39",154,"15:00","N","N","N","greenmaze"
"FISH 8",10,14.9,14.1,"08:29","23:29",504,"15:00","N","N","N","greenmaze"
"FISH 8",11,13.6,13.6,"00:25","07:44",600,"07:19","Y","N","N","greenmaze"
"FISH 8",12,14.4,14.4,"00:39","04:53",254,"10:00","Y","N","N","greenmaze"
"FISH 8",13,14,14.6,"00:40","15:40",37,"15:00","N","N","N","greenmaze"
"FISH 8",14,14.4,14.6,"00:13","15:13",600,"15:00","N","N","N","greenmaze"
"FISH 8",15,14.8,14.8,"00:16","15:16",11,"15:00","N","N","N","greenmaze"
"FISH 8",16,14.8,14.2,"00:12","15:12",600,"15:00","N","N","N","greenmaze"
"FISH 8",17,14.6,14.8,"00:24","15:24",600,"15:00","N","N","N","greenmaze"
"FISH 8",18,14.4,14.4,"00:11","01:12",7,"01:01","Y","N","N","greenmaze"
"FISH 8",19,14.2,14.7,"00:22","15:22",600,"15:00","N","N","N","greenmaze"
"FISH 8",20,15.2,15.2,"01:04","01:45",59,"00:41","Y","N","N","greenmaze"
"FISH 9",1,14.5,14.3,"00:09","15:09",600,"15:00","N","N","N","greenmaze"
"FISH 9",2,14.6,14.8,"00:21","15:21",17,"15:00","N","N","N","greenmaze"
"FISH 9",3,13.9,14.2,"00:11","15:11",7,"15:00","N","N","N","greenmaze"
"FISH 9",4,14.3,14.9,"07:32","22:32",448,"15:00","N","N","N","greenmaze"
"FISH 9",5,14.7,15.6,"00:08","15:08",2,"15:00","N","N","N","greenmaze"
"FISH 9",6,15.3,15.5,"00:38","15:38",34,"15:00","N","N","N","greenmaze"
"FISH 9",7,14.1,14.6,"09:30","24:30",562,"15:00","N","N","N","greenmaze"
"FISH 9",8,15.7,15.8,"00:21","15:21",15,"15:00","N","N","N","greenmaze"
"FISH 9",9,13.5,13.8,"00:58","09:03",52,"08:05","N","N","Y","greenmaze"
"FISH 9",10,13.1,13.1,"08:14","23:14",489,"15:00","N","N","N","greenmaze"
"FISH 9",11,15.3,15.5,"00:58","15:58",54,"15:00","N","N","N","greenmaze"
"FISH 9",12,14.1,14.1,"00:07","15:07",1,"15:00","N","N","N","greenmaze"
"FISH 9",13,15.5,15.7,"00:24","15:24",20,"15:00","N","N","N","greenmaze"
"FISH 9",14,14.4,14.4,"00:25","15:25",21,"15:00","N","N","N","greenmaze"
"FISH 9",15,14.6,14.6,"05:03","20:03",297,"15:00","N","N","N","greenmaze"
"FISH 9",16,13.6,13.6,"00:27","15:27",22,"15:00","N","N","N","greenmaze"
"FISH 9",17,13.4,13.7,"01:01","16:01",57,"15:00","N","N","N","greenmaze"
"FISH 9",18,14,14.4,"00:52","15:52",47,"15:00","N","N","N","greenmaze"
"FISH 9",19,14.1,14.1,"00:08","15:08",3,"15:00","N","N","N","greenmaze"
"FISH 9",20,NA,NA,NA,NA,NA,NA,NA,NA,NA,"greenmaze"
"FISH 10",1,14,14,"00:15","15:15",600,"15:00","N","N","N","greenmaze"
"FISH 10",2,13.9,14.4,"00:13","15:13",600,"15:00","N","N","N","greenmaze"
"FISH 10",3,14.8,15,"00:18","15:18",600,"15:00","N","N","N","greenmaze"
"FISH 10",4,14.1,14.7,"00:24","15:24",600,"15:00","N","N","N","greenmaze"
"FISH 10",5,14.1,14.6,"00:00","15:00",600,"15:00","N","N","N","greenmaze"
"FISH 10",6,14.3,14.5,"00:05","15:05",2,"15:00","N","N","N","greenmaze"
"FISH 10",7,14.5,14.8,"03:27","18:27",199,"15:00","N","N","N","greenmaze"
"FISH 10",8,13.7,14.1,"00:26","15:26",600,"15:00","N","N","N","greenmaze"
"FISH 10",9,13.9,13.9,"00:18","15:18",600,"15:00","N","N","N","greenmaze"
"FISH 10",10,14.6,14.8,"00:14","15:14",600,"15:00","N","N","N","greenmaze"
"FISH 10",11,15.6,15.7,"00:20","15:20",600,"15:00","N","N","N","greenmaze"
"FISH 10",12,13.6,14.4,"00:24","15:24",600,"15:00","N","N","N","greenmaze"
"FISH 10",13,15.1,15.2,"00:14","15:14",600,"15:00","N","N","N","greenmaze"
"FISH 10",14,13.6,14.2,"00:12","15:12",600,"15:00","N","N","N","greenmaze"
"FISH 10",15,14.4,14.7,"00:11","15:11",600,"15:00","N","N","N","greenmaze"
"FISH 10",16,15.1,15.5,"00:14","15:14",600,"15:00","N","N","N","greenmaze"
"FISH 10",17,14.5,14.9,"00:14","15:14",600,"15:00","N","N","N","greenmaze"
"FISH 10",18,14.6,14.2,"00:24","15:24",600,"15:00","N","N","N","greenmaze"
"FISH 10",19,13.7,14.3,"00:22","15:22",600,"15:00","N","N","N","greenmaze"
"FISH 10",20,14.4,14.8,"00:11","15:11",600,"15:00","N","N","N","greenmaze"
